titulo,ano,orgao,instituicao,nivel,link
Agente Fiscal de Renda - Tecnologia da Informação,2009,SEFAZ/SP,FCC,Superior,https://www.pciconcursos.com.br/provas/download/agente-fiscal-de-renda-tecnologia-da-informacao-sefaz-sp-fcc-2009
Agente Fiscal de Rendas - Tecnologia da Informação,2013,SEFAZ/SP,FCC,Superior,https://www.pciconcursos.com.br/provas/download/agente-fiscal-de-rendas-tecnologia-da-informacao-sefaz-sp-fcc-2013
Agente Legislativo de Serviços - Técnicos e Administrativos,2010,Assembleia Legislativa/SP,FCC,Superior,https://www.pciconcursos.com.br/provas/download/agente-legislativo-de-servicos-tecnicos-e-administrativos-assembleia-legislativa-sp-fcc-2010
Agente Legislativo de Serviços - Técnicos e Administrativos Áudio,2010,Assembleia Legislativa/SP,FCC,Superior,https://www.pciconcursos.com.br/provas/download/agente-legislativo-de-servicos-tecnicos-e-administrativos-audio-assembleia-legislativa-sp-fcc-2010
Agente Legislativo de Serviços - Técnicos e Administrativos Processamento de Dados,2010,Assembleia Legislativa/SP,FCC,Superior,https://www.pciconcursos.com.br/provas/download/agente-legislativo-de-servicos-tecnicos-e-administrativos-processamento-de-dados-assembleia-legislativa-sp-fcc-2010
Agente Legislativo de Serviços - Técnicos e Administrativos Telecomunicações,2010,Assembleia Legislativa/SP,FCC,Superior,https://www.pciconcursos.com.br/provas/download/agente-legislativo-de-servicos-tecnicos-e-administrativos-telecomunicacoes-assembleia-legislativa-sp-fcc-2010
Agente Técnico Legislativo,2010,Assembleia Legislativa/SP,FCC,Superior,https://www.pciconcursos.com.br/provas/download/agente-tecnico-legislativo-assembleia-legislativa-sp-fcc-2010
Agente Técnico Legislativo - Administração de Banco de Dados e Arquitetura de Dados,2010,Assembleia Legislativa/SP,FCC,Superior,https://www.pciconcursos.com.br/provas/download/agente-tecnico-legislativo-administracao-de-banco-de-dados-e-arquitetura-de-dados-assembleia-legislativa-sp-fcc-2010
Agente Técnico Legislativo - Análise de Infraestrutura de Redes,2010,Assembleia Legislativa/SP,FCC,Superior,https://www.pciconcursos.com.br/provas/download/agente-tecnico-legislativo-analise-de-infraestrutura-de-redes-assembleia-legislativa-sp-fcc-2010
Agente Técnico Legislativo - Arquitetura,2010,Assembleia Legislativa/SP,FCC,Superior,https://www.pciconcursos.com.br/provas/download/agente-tecnico-legislativo-arquitetura-assembleia-legislativa-sp-fcc-2010
Agente Técnico Legislativo - Biblioteconomia,2010,Assembleia Legislativa/SP,FCC,Superior,https://www.pciconcursos.com.br/provas/download/agente-tecnico-legislativo-biblioteconomia-assembleia-legislativa-sp-fcc-2010
Agente Técnico Legislativo - Direito,2010,Assembleia Legislativa/SP,FCC,Superior,https://www.pciconcursos.com.br/provas/download/agente-tecnico-legislativo-direito-assembleia-legislativa-sp-fcc-2010
"Agente Técnico Legislativo - Direito/Lei de Licitações, Direito Administrativo e Público",2010,Assembleia Legislativa/SP,FCC,Superior,https://www.pciconcursos.com.br/provas/download/agente-tecnico-legislativo-direito-lei-de-licitacoes-direito-administrativo-e-publico-assembleia-legislativa-sp-fcc-2010
Agente Técnico Legislativo - Economia / Administração / Ciências Contábeis,2010,Assembleia Legislativa/SP,FCC,Superior,https://www.pciconcursos.com.br/provas/download/agente-tecnico-legislativo-economia-administracao-ciencias-contabeis-assembleia-legislativa-sp-fcc-2010
Agente Técnico Legislativo - Enfermagem,2010,Assembleia Legislativa/SP,FCC,Superior,https://www.pciconcursos.com.br/provas/download/agente-tecnico-legislativo-enfermagem-assembleia-legislativa-sp-fcc-2010
Agente Técnico Legislativo - Engenharia Civil,2010,Assembleia Legislativa/SP,FCC,Superior,https://www.pciconcursos.com.br/provas/download/agente-tecnico-legislativo-engenharia-civil-assembleia-legislativa-sp-fcc-2010
Agente Técnico Legislativo - Engenharia Elétrica,2010,Assembleia Legislativa/SP,FCC,Superior,https://www.pciconcursos.com.br/provas/download/agente-tecnico-legislativo-engenharia-eletrica-assembleia-legislativa-sp-fcc-2010
Agente Técnico Legislativo - Gestão de Projetos,2010,Assembleia Legislativa/SP,FCC,Superior,https://www.pciconcursos.com.br/provas/download/agente-tecnico-legislativo-gestao-de-projetos-assembleia-legislativa-sp-fcc-2010
Agente Técnico Legislativo - História,2010,Assembleia Legislativa/SP,FCC,Superior,https://www.pciconcursos.com.br/provas/download/agente-tecnico-legislativo-historia-assembleia-legislativa-sp-fcc-2010
Agente Técnico Legislativo - Medicina do Trabalho,2010,Assembleia Legislativa/SP,FCC,Superior,https://www.pciconcursos.com.br/provas/download/agente-tecnico-legislativo-medicina-do-trabalho-assembleia-legislativa-sp-fcc-2010
Agente Técnico Legislativo - Pedagogia,2010,Assembleia Legislativa/SP,FCC,Superior,https://www.pciconcursos.com.br/provas/download/agente-tecnico-legislativo-pedagogia-assembleia-legislativa-sp-fcc-2010
Agente Técnico Legislativo - Psicologia,2010,Assembleia Legislativa/SP,FCC,Superior,https://www.pciconcursos.com.br/provas/download/agente-tecnico-legislativo-psicologia-assembleia-legislativa-sp-fcc-2010
Agente Técnico Legislativo - Segurança de Redes,2010,Assembleia Legislativa/SP,FCC,Superior,https://www.pciconcursos.com.br/provas/download/agente-tecnico-legislativo-seguranca-de-redes-assembleia-legislativa-sp-fcc-2010
Agente Técnico Legislativo - Tecnologia da Informação,2010,Assembleia Legislativa/SP,FCC,Superior,https://www.pciconcursos.com.br/provas/download/agente-tecnico-legislativo-tecnologia-da-informacao-assembleia-legislativa-sp-fcc-2010
Agente Técnico Legislativo Direito/Finanças e Orçamento,2010,Assembleia Legislativa/SP,FCC,Superior,https://www.pciconcursos.com.br/provas/download/agente-tecnico-legislativo-direito-financas-e-orcamento-assembleia-legislativa-sp-fcc-2010
Anal. Proc. Org. - Análise de Sistemas/Sistemas de Informação/Ciência da Computação,2010,BAHIAGÁS,FCC,Superior,https://www.pciconcursos.com.br/provas/download/anal-proc-org-analise-de-sistemas-sistemas-de-informacao-ciencia-da-computacao-bahiagas-fcc-2010
Analista - Apoio Técnico Administrativo - Controle Interno,2015,CNMP,FCC,Superior,https://www.pciconcursos.com.br/provas/download/analista-apoio-tecnico-administrativo-controle-interno-cnmp-fcc-2015
Analista - Apoio Técnico Administrativo - Gestão Pública,2015,CNMP,FCC,Superior,https://www.pciconcursos.com.br/provas/download/analista-apoio-tecnico-administrativo-gestao-publica-cnmp-fcc-2015
Analista - Auditoria de Tecnologia da Informação,2008,TCE/CE,FCC,Superior,https://www.pciconcursos.com.br/provas/download/analista-auditoria-de-tecnologia-da-informacao-tce-ce-fcc-2008
Analista Administrativo,2007,MPU,FCC,Superior,https://www.pciconcursos.com.br/provas/download/analista-administrativo-mpu-fcc-2007
Analista Administrativo,2006,BACEN,FCC,Superior,https://www.pciconcursos.com.br/provas/download/analista-administrativo-bacen-fcc-2006
Analista Administrativo - Serviços Administrativos,2019,Sanasa/SP,FCC,Superior,https://www.pciconcursos.com.br/provas/download/analista-administrativo-servicos-administrativos-sanasa-sp-fcc-2019
Analista de Controle - Administrativa,2011,TCE/PR,FCC,Superior,https://www.pciconcursos.com.br/provas/download/analista-de-controle-administrativa-tce-pr-fcc-2011
Analista de Controle Externo - Administrativa,2014,TCE/GO,FCC,Superior,https://www.pciconcursos.com.br/provas/download/analista-de-controle-externo-administrativa-tce-go-fcc-2014
"Analista de Controle Externo - Auditoria, Fiscalização e Avaliação da Gestão Pública - Atividade Jur",2015,TCE/CE,FCC,Superior,https://www.pciconcursos.com.br/provas/download/analista-de-controle-externo-auditoria-fiscalizacao-e-avaliacao-da-gestao-publica-atividade-juridica-tce-ce-fcc-2015
Analista de Controle Externo - Tecnologia da Informação,2014,TCE/GO,FCC,Superior,https://www.pciconcursos.com.br/provas/download/analista-de-controle-externo-tecnologia-da-informacao-tce-go-fcc-2014
Analista de Controle Externo - Tecnologia da Informação,2012,TCE/AP,FCC,Superior,https://www.pciconcursos.com.br/provas/download/analista-de-controle-externo-tecnologia-da-informacao-tce-ap-fcc-2012
Analista de Controle Externo - Tecnologia da Informação,2009,TCE/GO,FCC,Superior,https://www.pciconcursos.com.br/provas/download/analista-de-controle-externo-tecnologia-da-informacao-tce-go-fcc-2009
Analista de Procuradoria - Área de Apoio Administrativo,2013,PGE/BA,FCC,Superior,https://www.pciconcursos.com.br/provas/download/analista-de-procuradoria-area-de-apoio-administrativo-pge-ba-fcc-2013
Analista de Tecnologia da Informação,2005,UFT,FCC,Superior,https://www.pciconcursos.com.br/provas/download/analista-de-tecnologia-da-informacao-uft-fcc-2005
Analista de Tecnologia da Informação - Área de Administração de Banco de Dados,2016,CREMESP,FCC,Superior,https://www.pciconcursos.com.br/provas/download/analista-de-tecnologia-da-informacao-area-de-administracao-de-banco-de-dados-cremesp-fcc-2016
Analista de Tecnologia da Informação - Área de Análise de Sistemas,2016,CREMESP,FCC,Superior,https://www.pciconcursos.com.br/provas/download/analista-de-tecnologia-da-informacao-area-de-analise-de-sistemas-cremesp-fcc-2016
Analista de Tecnologia da Informação - Área de Análise de Sistemas,2016,CREMESP/SP,FCC,Superior,https://www.pciconcursos.com.br/provas/download/analista-de-tecnologia-da-informacao-area-de-analise-de-sistemas-cremesp-sp-fcc-2016
Analista de Tecnologia da Informação - Engenharia de Software/ Desenvolvimento de Sistemas,2010,MPE/RN,FCC,Superior,https://www.pciconcursos.com.br/provas/download/analista-de-tecnologia-da-informacao-engenharia-de-software-desenvolvimento-de-sistemas-mpe-rn-fcc-2010
Analista de Tecnologia da Informação - Suporte Técnico,2010,MPE/RN,FCC,Superior,https://www.pciconcursos.com.br/provas/download/analista-de-tecnologia-da-informacao-suporte-tecnico-mpe-rn-fcc-2010
Analista do Ministério Público Estadual - Administrativo,2012,MPE/RN,FCC,Superior,https://www.pciconcursos.com.br/provas/download/analista-do-ministerio-publico-estadual-administrativo-mpe-rn-fcc-2012
Analista Educacional - Atividades Técnicas em SRE e Órgão Central da SEE,2012,SEE/MG,FCC,Superior,https://www.pciconcursos.com.br/provas/download/analista-educacional-atividades-tecnicas-em-sre-e-orgao-central-da-see-see-mg-fcc-2012
Analista Judiciário - Administrativa,2016,TRT 20ª,FCC,Superior,https://www.pciconcursos.com.br/provas/download/analista-judiciario-administrativa-trt-20-fcc-2016
Analista Judiciário - Administrativa,2016,TRT 23ª,FCC,Superior,https://www.pciconcursos.com.br/provas/download/analista-judiciario-administrativa-trt-23-fcc-2016
Analista Judiciário - Administrativa,2016,TRF 3ª,FCC,Superior,https://www.pciconcursos.com.br/provas/download/analista-judiciario-administrativa-trf-3-fcc-2016
Analista Judiciário - Administrativa,2015,TRT 9ª,FCC,Superior,https://www.pciconcursos.com.br/provas/download/analista-judiciario-administrativa-trt-9-fcc-2015
Analista Judiciário - Administrativa,2015,TRE/SE,FCC,Superior,https://www.pciconcursos.com.br/provas/download/analista-judiciario-administrativa-tre-se-fcc-2015
Analista Judiciário - Administrativa,2015,TRE/AP,FCC,Superior,https://www.pciconcursos.com.br/provas/download/analista-judiciario-administrativa-tre-ap-fcc-2015
Analista Judiciário - Administrativa,2015,TRE/AP,FCC,Superior,https://www.pciconcursos.com.br/provas/download/analista-judiciario-administrativa-tre-ap-fcc-2015
Analista Judiciário - Administrativa,2015,TRE/PB,FCC,Superior,https://www.pciconcursos.com.br/provas/download/analista-judiciario-administrativa-tre-pb-fcc-2015
Analista Judiciário - Administrativa,2015,TRT 9ª,FCC,Superior,https://www.pciconcursos.com.br/provas/download/analista-judiciario-administrativa-trt-9-fcc-2015
Analista Judiciário - Administrativa,2014,TJ/AP,FCC,Superior,https://www.pciconcursos.com.br/provas/download/analista-judiciario-administrativa-tj-ap-fcc-2014
Analista Judiciário - Administrativa,2014,TRT 16ª,FCC,Superior,https://www.pciconcursos.com.br/provas/download/analista-judiciario-administrativa-trt-16-fcc-2014
Analista Judiciário - Administrativa,2014,TRT 2ª,FCC,Superior,https://www.pciconcursos.com.br/provas/download/analista-judiciario-administrativa-trt-2-fcc-2014
Analista Judiciário - Administrativa,2012,TRT 6ª,FCC,Superior,https://www.pciconcursos.com.br/provas/download/analista-judiciario-administrativa-trt-6-fcc-2012
Analista Judiciário - Administrativa,2012,TRE/CE,FCC,Superior,https://www.pciconcursos.com.br/provas/download/analista-judiciario-administrativa-tre-ce-fcc-2012
Analista Judiciário - Administrativa,2012,TJ/PE,FCC,Superior,https://www.pciconcursos.com.br/provas/download/analista-judiciario-administrativa-tj-pe-fcc-2012
Analista Judiciário - Administrativa,2012,TRT 11ª,FCC,Superior,https://www.pciconcursos.com.br/provas/download/analista-judiciario-administrativa-trt-11-fcc-2012
Analista Judiciário - Administrativa,2011,TRE/PE,FCC,Superior,https://www.pciconcursos.com.br/provas/download/analista-judiciario-administrativa-tre-pe-fcc-2011
Analista Judiciário - Administrativa,2011,TRE/AP,FCC,Superior,https://www.pciconcursos.com.br/provas/download/analista-judiciario-administrativa-tre-ap-fcc-2011
Analista Judiciário - Administrativa,2010,TRE/AL,FCC,Superior,https://www.pciconcursos.com.br/provas/download/analista-judiciario-administrativa-tre-al-fcc-2010
Analista Judiciário - Administrativa,2010,TRF 4ª,FCC,Superior,https://www.pciconcursos.com.br/provas/download/analista-judiciario-administrativa-trf-4-fcc-2010
Analista Judiciário - Administrativa,2010,TRE/RS,FCC,Superior,https://www.pciconcursos.com.br/provas/download/analista-judiciario-administrativa-tre-rs-fcc-2010
Analista Judiciário - Administrativa,2010,TRT 9ª,FCC,Superior,https://www.pciconcursos.com.br/provas/download/analista-judiciario-administrativa-trt-9-fcc-2010
Analista Judiciário - Administrativa,2010,TRT 22ª,FCC,Superior,https://www.pciconcursos.com.br/provas/download/analista-judiciario-administrativa-trt-22-fcc-2010
Analista Judiciário - Administrativa,2009,TRT 16ª,FCC,Superior,https://www.pciconcursos.com.br/provas/download/analista-judiciario-administrativa-trt-16-fcc-2009
Analista Judiciário - Administrativa,2009,TRT 15ª,FCC,Superior,https://www.pciconcursos.com.br/provas/download/analista-judiciario-administrativa-trt-15-fcc-2009
Analista Judiciário - Administrativa,2009,TJ/PI,FCC,Superior,https://www.pciconcursos.com.br/provas/download/analista-judiciario-administrativa-tj-pi-fcc-2009
Analista Judiciário - Administrativa,2009,TRT 7ª,FCC,Superior,https://www.pciconcursos.com.br/provas/download/analista-judiciario-administrativa-trt-7-fcc-2009
Analista Judiciário - Administrativa,2009,TRT 3ª,FCC,Superior,https://www.pciconcursos.com.br/provas/download/analista-judiciario-administrativa-trt-3-fcc-2009
Analista Judiciário - Administrativa,2009,TJ/AP,FCC,Superior,https://www.pciconcursos.com.br/provas/download/analista-judiciario-administrativa-tj-ap-fcc-2009
Analista Judiciário - Administrativa,2009,TRE/AM,FCC,Superior,https://www.pciconcursos.com.br/provas/download/analista-judiciario-administrativa-tre-am-fcc-2009
Analista Judiciário - Administrativa,2008,TRT 2ª,FCC,Superior,https://www.pciconcursos.com.br/provas/download/analista-judiciario-administrativa-trt-2-fcc-2008
Analista Judiciário - Administrativa,2008,TRT 18ª,FCC,Superior,https://www.pciconcursos.com.br/provas/download/analista-judiciario-administrativa-trt-18-fcc-2008
Analista Judiciário - Administrativa,2008,TRT 19ª,FCC,Superior,https://www.pciconcursos.com.br/provas/download/analista-judiciario-administrativa-trt-19-fcc-2008
Analista Judiciário - Administrativa,2008,TRF 5ª,FCC,Superior,https://www.pciconcursos.com.br/provas/download/analista-judiciario-administrativa-trf-5-fcc-2008
Analista Judiciário - Administrativa,2007,TRE/SE,FCC,Superior,https://www.pciconcursos.com.br/provas/download/analista-judiciario-administrativa-tre-se-fcc-2007
Analista Judiciário - Administrativa,2007,TRT 23ª,FCC,Superior,https://www.pciconcursos.com.br/provas/download/analista-judiciario-administrativa-trt-23-fcc-2007
Analista Judiciário - Administrativa,2007,TRE/MS,FCC,Superior,https://www.pciconcursos.com.br/provas/download/analista-judiciario-administrativa-tre-ms-fcc-2007
Analista Judiciário - Administrativa,2007,TRE/PB,FCC,Superior,https://www.pciconcursos.com.br/provas/download/analista-judiciario-administrativa-tre-pb-fcc-2007
Analista Judiciário - Administrativa,2006,TRF 1ª,FCC,Superior,https://www.pciconcursos.com.br/provas/download/analista-judiciario-administrativa-trf-1-fcc-2006
Analista Judiciário - Administrativa,2006,TRT 24ª,FCC,Superior,https://www.pciconcursos.com.br/provas/download/analista-judiciario-administrativa-trt-24-fcc-2006
Analista Judiciário - Administrativa,2006,TRE/AP,FCC,Superior,https://www.pciconcursos.com.br/provas/download/analista-judiciario-administrativa-tre-ap-fcc-2006
Analista Judiciário - Administrativa,2006,TRE/AP,FCC,Superior,https://www.pciconcursos.com.br/provas/download/prova-analista-judiciario-administrativa-tre-ap-fcc-2006-46
Analista Judiciário - Administrativa,2006,TRT 4ª,FCC,Superior,https://www.pciconcursos.com.br/provas/download/analista-judiciario-administrativa-trt-4-fcc-2006
Analista Judiciário - Administrativa,2006,TRE/SP,FCC,Superior,https://www.pciconcursos.com.br/provas/download/analista-judiciario-administrativa-tre-sp-fcc-2006
Analista Judiciário - Administrativa,2005,TRT 11ª,FCC,Superior,https://www.pciconcursos.com.br/provas/download/analista-judiciario-administrativa-trt-11-fcc-2005
Analista Judiciário - Administrativa,2005,TRE/RN,FCC,Superior,https://www.pciconcursos.com.br/provas/download/analista-judiciario-administrativa-tre-rn-fcc-2005
Analista Judiciário - Administrativa,2005,TRE/MG,FCC,Superior,https://www.pciconcursos.com.br/provas/download/analista-judiciario-administrativa-tre-mg-fcc-2005
Analista Judiciário - Administrativa,2004,TRT 17ª,FCC,Superior,https://www.pciconcursos.com.br/provas/download/analista-judiciario-administrativa-trt-17-fcc-2004
Analista Judiciário - Administrativa,2004,TRT 2ª,FCC,Superior,https://www.pciconcursos.com.br/provas/download/analista-judiciario-administrativa-trt-2-fcc-2004
Analista Judiciário - Administrativa,2004,TRT 23ª,FCC,Superior,https://www.pciconcursos.com.br/provas/download/analista-judiciario-administrativa-trt-23-fcc-2004
Analista Judiciário - Administrativa,2004,TRT 9ª,FCC,Superior,https://www.pciconcursos.com.br/provas/download/analista-judiciario-administrativa-trt-9-fcc-2004
Analista Judiciário - Administrativa,2004,TRT 22ª,FCC,Superior,https://www.pciconcursos.com.br/provas/download/analista-judiciario-administrativa-trt-22-fcc-2004
Analista Judiciário - Administrativa,2004,TRT 23ª,FCC,Superior,https://www.pciconcursos.com.br/provas/download/prova-analista-judiciario-administrativa-trt-23-fcc-2004-70
Analista Judiciário - Administrativa,2004,TRE/PE,FCC,Superior,https://www.pciconcursos.com.br/provas/download/analista-judiciario-administrativa-tre-pe-fcc-2004
Analista Judiciário - Administrativa,2004,TRT 2ª,FCC,Superior,https://www.pciconcursos.com.br/provas/download/prova-analista-judiciario-administrativa-trt-2-fcc-2004-75
Analista Judiciário - Administrativa,2003,TRF 5ª,FCC,Superior,https://www.pciconcursos.com.br/provas/download/analista-judiciario-administrativa-trf-5-fcc-2003
Analista Judiciário - Administrativa,2003,TRT 21ª,FCC,Superior,https://www.pciconcursos.com.br/provas/download/analista-judiciario-administrativa-trt-21-fcc-2003
Analista Judiciário - Administrativa,2003,TRT 24ª,FCC,Superior,https://www.pciconcursos.com.br/provas/download/analista-judiciario-administrativa-trt-24-fcc-2003
Analista Judiciário - Administrativa,2003,TRF 5ª,FCC,Superior,https://www.pciconcursos.com.br/provas/download/analista-judiciario-administrativa-trf-5-fcc-2003
Analista Judiciário - Administrativa,2003,TRE/AM,FCC,Superior,https://www.pciconcursos.com.br/provas/download/analista-judiciario-administrativa-tre-am-fcc-2003
Analista Judiciário - Administrativa,2002,TRE/PI,FCC,Superior,https://www.pciconcursos.com.br/provas/download/analista-judiciario-administrativa-tre-pi-fcc-2002
Analista Judiciário - Administrativa,2002,TRT 20ª,FCC,Superior,https://www.pciconcursos.com.br/provas/download/analista-judiciario-administrativa-trt-20-fcc-2002
Analista Judiciário - Administrativa,2002,TRE/CE,FCC,Superior,https://www.pciconcursos.com.br/provas/download/analista-judiciario-administrativa-tre-ce-fcc-2002
Analista Judiciário - Administrativa,2001,TRF 1ª,FCC,Superior,https://www.pciconcursos.com.br/provas/download/analista-judiciario-administrativa-trf-1-fcc-2001
Analista Judiciário - Administrativa - Administração,2014,TJ/AP,FCC,Superior,https://www.pciconcursos.com.br/provas/download/analista-judiciario-administrativa-administracao-tj-ap-fcc-2014
Analista Judiciário - Administrativa - Contabilidade,2016,TRT 20ª,FCC,Superior,https://www.pciconcursos.com.br/provas/download/analista-judiciario-administrativa-contabilidade-trt-20-fcc-2016
Analista Judiciário - Administrativa - Contabilidade,2016,TRT 23ª,FCC,Superior,https://www.pciconcursos.com.br/provas/download/analista-judiciario-administrativa-contabilidade-trt-23-fcc-2016
Analista Judiciário - Administrativa/Contabilidade,2012,TRT 6ª,FCC,Superior,https://www.pciconcursos.com.br/provas/download/analista-judiciario-administrativa-contabilidade-trt-6-fcc-2012
Analista Judiciário - Administrativo,2012,TRE/SP,FCC,Superior,https://www.pciconcursos.com.br/provas/download/analista-judiciario-administrativo-tre-sp-fcc-2012
Analista Judiciário - Administrativo,2011,TRE/RN,FCC,Superior,https://www.pciconcursos.com.br/provas/download/analista-judiciario-administrativo-tre-rn-fcc-2011
Analista Judiciário - Administrativo,2011,TRE/TO,FCC,Superior,https://www.pciconcursos.com.br/provas/download/analista-judiciario-administrativo-tre-to-fcc-2011
Analista Judiciário - Administrativo,2011,TRT 24ª,FCC,Superior,https://www.pciconcursos.com.br/provas/download/analista-judiciario-administrativo-trt-24-fcc-2011
Analista Judiciário - Administrativo,2011,TRT 4ª,FCC,Superior,https://www.pciconcursos.com.br/provas/download/analista-judiciario-administrativo-trt-4-fcc-2011
Analista Judiciário - Administrativo,2011,TRF 1ª,FCC,Superior,https://www.pciconcursos.com.br/provas/download/analista-judiciario-administrativo-trf-1-fcc-2011
Analista Judiciário - Administrativo,2011,TRT 23ª,FCC,Superior,https://www.pciconcursos.com.br/provas/download/analista-judiciario-administrativo-trt-23-fcc-2011
Analista Judiciário - Administrativo,2010,TRT 8ª,FCC,Superior,https://www.pciconcursos.com.br/provas/download/analista-judiciario-administrativo-trt-8-fcc-2010
Analista Judiciário - Análise de Sistemas,2017,TRE/SP,FCC,Superior,https://www.pciconcursos.com.br/provas/download/analista-judiciario-analise-de-sistemas-tre-sp-fcc-2017
Analista Judiciário - Análise de Sistemas,2015,TRE/RR,FCC,Superior,https://www.pciconcursos.com.br/provas/download/analista-judiciario-analise-de-sistemas-tre-rr-fcc-2015
Analista Judiciário - Análise de Sistemas,2012,TRE/CE,FCC,Superior,https://www.pciconcursos.com.br/provas/download/analista-judiciario-analise-de-sistemas-tre-ce-fcc-2012
Analista Judiciário - Análise de Sistemas,2012,TRE/SP,FCC,Superior,https://www.pciconcursos.com.br/provas/download/analista-judiciario-analise-de-sistemas-tre-sp-fcc-2012
Analista Judiciário - Análise de Sistemas,2011,TRE/PE,FCC,Superior,https://www.pciconcursos.com.br/provas/download/analista-judiciario-analise-de-sistemas-tre-pe-fcc-2011
Analista Judiciário - Análise de Sistemas,2009,TRE/PI,FCC,Superior,https://www.pciconcursos.com.br/provas/download/analista-judiciario-analise-de-sistemas-tre-pi-fcc-2009
Analista Judiciário - Análise de Sistemas,2009,TRE/AM,FCC,Superior,https://www.pciconcursos.com.br/provas/download/analista-judiciario-analise-de-sistemas-tre-am-fcc-2009
Analista Judiciário - Análise de Sistemas,2009,TJ/SE,FCC,Superior,https://www.pciconcursos.com.br/provas/download/analista-judiciario-analise-de-sistemas-tj-se-fcc-2009
Analista Judiciário - Análise de Sistemas,2007,TJ/PE,FCC,Superior,https://www.pciconcursos.com.br/provas/download/analista-judiciario-analise-de-sistemas-tj-pe-fcc-2007
Analista Judiciário - Análise de Sistemas,2007,TRE/MS,FCC,Superior,https://www.pciconcursos.com.br/provas/download/analista-judiciario-analise-de-sistemas-tre-ms-fcc-2007
Analista Judiciário - Análise de Sistemas,2007,TRE/SE,FCC,Superior,https://www.pciconcursos.com.br/provas/download/analista-judiciario-analise-de-sistemas-tre-se-fcc-2007
Analista Judiciário - Análise de Sistemas,2006,TRT 4ª,FCC,Superior,https://www.pciconcursos.com.br/provas/download/analista-judiciario-analise-de-sistemas-trt-4-fcc-2006
Analista Judiciário - Analise de Sistemas,2004,TRT 2ª,FCC,Superior,https://www.pciconcursos.com.br/provas/download/analista-judiciario-analise-de-sistemas-trt-2-fcc-2004
Analista Judiciário - Apoio Administrativo - Contabilidade,2015,TRE/AP,FCC,Superior,https://www.pciconcursos.com.br/provas/download/analista-judiciario-apoio-administrativo-contabilidade-tre-ap-fcc-2015
Analista Judiciário - Apoio Especializado - Análise de Sistemas,2015,TRE/AP,FCC,Superior,https://www.pciconcursos.com.br/provas/download/analista-judiciario-apoio-especializado-analise-de-sistemas-tre-ap-fcc-2015
Analista Judiciário - Apoio Especializado - Tecnologia da Informação,2016,TRT 23ª,FCC,Superior,https://www.pciconcursos.com.br/provas/download/analista-judiciario-apoio-especializado-tecnologia-da-informacao-trt-23-fcc-2016
Analista Judiciário - Apoio Especializado - Tecnologia da Informação,2016,TRT 14ª,FCC,Superior,https://www.pciconcursos.com.br/provas/download/analista-judiciario-apoio-especializado-tecnologia-da-informacao-trt-14-fcc-2016
Analista Judiciário - Apoio Especializado - Tecnologia da Informação,2015,TRT 9ª,FCC,Superior,https://www.pciconcursos.com.br/provas/download/analista-judiciario-apoio-especializado-tecnologia-da-informacao-trt-9-fcc-2015
Analista Judiciário - Apoio Especializado/Tecnologia da Informação,2012,TRT 6ª,FCC,Superior,https://www.pciconcursos.com.br/provas/download/analista-judiciario-apoio-especializado-tecnologia-da-informacao-trt-6-fcc-2012
Analista Judiciário - Área Administrativa,2022,TRT 5ª,FCC,Superior,https://www.pciconcursos.com.br/provas/download/analista-judiciario-area-administrativa-trt-5-fcc-2022
Analista Judiciário - Área Administrativa,2022,TRT 5ª,FCC,Superior,https://www.pciconcursos.com.br/provas/download/analista-judiciario-area-administrativa-trt-5-fcc-2022-75
Analista Judiciário - Área Administrativa,2017,TST,FCC,Superior,https://www.pciconcursos.com.br/provas/download/analista-judiciario-area-administrativa-tst-fcc-2017
Analista Judiciário - Área Administrativa,2017,TRE/SP,FCC,Superior,https://www.pciconcursos.com.br/provas/download/analista-judiciario-area-administrativa-tre-sp-fcc-2017
Analista Judiciário - Área Administrativa,2017,TRT 11ª,FCC,Superior,https://www.pciconcursos.com.br/provas/download/analista-judiciario-area-administrativa-trt-11-fcc-2017
Analista Judiciário - Área Administrativa,2015,TRE/RR,FCC,Superior,https://www.pciconcursos.com.br/provas/download/analista-judiciario-area-administrativa-tre-rr-fcc-2015
Analista Judiciário - Área Administrativa,2014,TRT 19ª,FCC,Superior,https://www.pciconcursos.com.br/provas/download/analista-judiciario-area-administrativa-trt-19-fcc-2014
Analista Judiciário - Área Administrativa,2013,TRT 12ª,FCC,Superior,https://www.pciconcursos.com.br/provas/download/analista-judiciario-area-administrativa-trt-12-fcc-2013
Analista Judiciário - Área Administrativa,2013,TRT 18º,FCC,Superior,https://www.pciconcursos.com.br/provas/download/analista-judiciario-area-administrativa-trt-18-fcc-2013
Analista Judiciário - Área Administrativa,2013,TRT 5ª,FCC,Superior,https://www.pciconcursos.com.br/provas/download/analista-judiciario-area-administrativa-trt-5-fcc-2013
Analista Judiciário - Área Administrativa,2013,TRT 18º,FCC,Superior,https://www.pciconcursos.com.br/provas/download/analista-judiciario-area-administrativa-trt-18-fcc-2013
Analista Judiciário - Área Administrativa,2013,TRT 9ª,FCC,Superior,https://www.pciconcursos.com.br/provas/download/analista-judiciario-area-administrativa-trt-9-fcc-2013
Analista Judiciário - Área Administrativa,2013,TRT 1ª,FCC,Superior,https://www.pciconcursos.com.br/provas/download/analista-judiciario-area-administrativa-trt-1-fcc-2013
Analista Judiciário - Área Administrativa,2012,TRF 2ª,FCC,Superior,https://www.pciconcursos.com.br/provas/download/prova-analista-judiciario-area-administrativa-trf-2-fcc-2012-90
Analista Judiciário - Área Administrativa,2012,TRE/PR,FCC,Superior,https://www.pciconcursos.com.br/provas/download/analista-judiciario-area-administrativa-tre-pr-fcc-2012
Analista Judiciário - Área Administrativa,2012,TRF 2ª,FCC,Superior,https://www.pciconcursos.com.br/provas/download/analista-judiciario-area-administrativa-trf-2-fcc-2012
Analista Judiciário - Área Administrativa,2007,TRF 2ª,FCC,Superior,https://www.pciconcursos.com.br/provas/download/analista-judiciario-area-administrativa-trf-2-fcc-2007
Analista Judiciário - Área Administrativa - Contabilidade,2013,TRE/RO,FCC,Superior,https://www.pciconcursos.com.br/provas/download/analista-judiciario-area-administrativa-contabilidade-tre-ro-fcc-2013
Analista Judiciário - Área Administrativo,2018,TRT 15ª,FCC,Superior,https://www.pciconcursos.com.br/provas/download/analista-judiciario-area-administrativo-trt-15-fcc-2018
Analista Judiciário - Área Apoio Especializado Especialidade Análise de Sistemas,2017,TRE/PR,FCC,Superior,https://www.pciconcursos.com.br/provas/download/analista-judiciario-area-apoio-especializado-especialidade-analise-de-sistemas-tre-pr-fcc-2017
Analista Judiciário - Especialidade Análise de Sistemas,2007,TRT 23ª,FCC,Superior,https://www.pciconcursos.com.br/provas/download/analista-judiciario-especialidade-analise-de-sistemas-trt-23-fcc-2007
Analista Judiciário - Judiciária / Administrativa,2004,TRT 2ª,FCC,Superior,https://www.pciconcursos.com.br/provas/download/analista-judiciario-judiciaria-administrativa-trt-2-fcc-2004
Analista Judiciário - Tecnologia da Informação,2017,TRT 11ª,FCC,Superior,https://www.pciconcursos.com.br/provas/download/analista-judiciario-tecnologia-da-informacao-trt-11-fcc-2017
Analista Judiciário - Tecnologia da Informação,2017,TRT 24ª,FCC,Superior,https://www.pciconcursos.com.br/provas/download/analista-judiciario-tecnologia-da-informacao-trt-24-fcc-2017
Analista Judiciário - Tecnologia da Informação,2015,TRT 15ª,FCC,Superior,https://www.pciconcursos.com.br/provas/download/analista-judiciario-tecnologia-da-informacao-trt-15-fcc-2015
Analista Judiciário - Tecnologia da Informação,2015,TRT 3ª,FCC,Superior,https://www.pciconcursos.com.br/provas/download/analista-judiciario-tecnologia-da-informacao-trt-3-fcc-2015
Analista Judiciário - Tecnologia Da Informação,2015,TRT 4ª,FCC,Superior,https://www.pciconcursos.com.br/provas/download/analista-judiciario-tecnologia-da-informacao-trt-4-fcc-2015
Analista Judiciário - Tecnologia da Informação,2014,TRT 2ª,FCC,Superior,https://www.pciconcursos.com.br/provas/download/analista-judiciario-tecnologia-da-informacao-trt-2-fcc-2014
Analista Judiciário - Tecnologia da Informação,2014,TRT 1ª,FCC,Superior,https://www.pciconcursos.com.br/provas/download/analista-judiciario-tecnologia-da-informacao-trt-1-fcc-2014
Analista Judiciário - Tecnologia da Informação,2014,TRT 13ª,FCC,Superior,https://www.pciconcursos.com.br/provas/download/analista-judiciario-tecnologia-da-informacao-trt-13-fcc-2014
Analista Judiciário - Tecnologia da Informação,2014,TRT 16ª,FCC,Superior,https://www.pciconcursos.com.br/provas/download/analista-judiciario-tecnologia-da-informacao-trt-16-fcc-2014
Analista Judiciário - Tecnologia da Informação,2013,TRT 18º,FCC,Superior,https://www.pciconcursos.com.br/provas/download/analista-judiciario-tecnologia-da-informacao-trt-18-fcc-2013
Analista Judiciário - Tecnologia da Informação,2013,TRT 9ª,FCC,Superior,https://www.pciconcursos.com.br/provas/download/analista-judiciario-tecnologia-da-informacao-trt-9-fcc-2013
Analista Judiciário - Tecnologia da Informação,2013,TRT 12ª,FCC,Superior,https://www.pciconcursos.com.br/provas/download/analista-judiciario-tecnologia-da-informacao-trt-12-fcc-2013
Analista Judiciário - Tecnologia da Informação,2013,TRT 5ª,FCC,Superior,https://www.pciconcursos.com.br/provas/download/analista-judiciario-tecnologia-da-informacao-trt-5-fcc-2013
Analista Judiciário - Tecnologia da Informação,2013,TRT 15ª,FCC,Superior,https://www.pciconcursos.com.br/provas/download/analista-judiciario-tecnologia-da-informacao-trt-15-fcc-2013
Analista Judiciário - Tecnologia da Informação,2012,TRT 11ª,FCC,Superior,https://www.pciconcursos.com.br/provas/download/analista-judiciario-tecnologia-da-informacao-trt-11-fcc-2012
Analista Judiciário - Tecnologia da Informação,2011,TRT 14ª,FCC,Superior,https://www.pciconcursos.com.br/provas/download/analista-judiciario-tecnologia-da-informacao-trt-14-fcc-2011
Analista Judiciário - Tecnologia da Informação,2011,TRT 19ª,FCC,Superior,https://www.pciconcursos.com.br/provas/download/analista-judiciario-tecnologia-da-informacao-trt-19-fcc-2011
Analista Judiciário - Tecnologia da Informação,2011,TRT 1ª,FCC,Superior,https://www.pciconcursos.com.br/provas/download/analista-judiciario-tecnologia-da-informacao-trt-1-fcc-2011
Analista Judiciário - Tecnologia da Informação,2011,TRT 4ª,FCC,Superior,https://www.pciconcursos.com.br/provas/download/analista-judiciario-tecnologia-da-informacao-trt-4-fcc-2011
Analista Judiciário - Tecnologia da Informação,2011,TRT 24ª,FCC,Superior,https://www.pciconcursos.com.br/provas/download/analista-judiciario-tecnologia-da-informacao-trt-24-fcc-2011
Analista Judiciário - Tecnologia da Informação,2011,TRT 23ª,FCC,Superior,https://www.pciconcursos.com.br/provas/download/analista-judiciario-tecnologia-da-informacao-trt-23-fcc-2011
Analista Judiciário - Tecnologia da Informação,2010,TRT 22ª,FCC,Superior,https://www.pciconcursos.com.br/provas/download/analista-judiciario-tecnologia-da-informacao-trt-22-fcc-2010
Analista Judiciário - Tecnologia da Informação,2010,TRT 8ª,FCC,Superior,https://www.pciconcursos.com.br/provas/download/analista-judiciario-tecnologia-da-informacao-trt-8-fcc-2010
Analista Judiciário - Tecnologia da Informação,2010,TRT 20ª,FCC,Superior,https://www.pciconcursos.com.br/provas/download/analista-judiciario-tecnologia-da-informacao-trt-20-fcc-2010
Analista Judiciário - Tecnologia da Informação,2010,TRT 9ª,FCC,Superior,https://www.pciconcursos.com.br/provas/download/analista-judiciario-tecnologia-da-informacao-trt-9-fcc-2010
Analista Judiciário - Tecnologia da Informação,2009,TRT 15ª,FCC,Superior,https://www.pciconcursos.com.br/provas/download/analista-judiciario-tecnologia-da-informacao-trt-15-fcc-2009
Analista Judiciário - Tecnologia da Informação,2009,TRT 16ª,FCC,Superior,https://www.pciconcursos.com.br/provas/download/analista-judiciario-tecnologia-da-informacao-trt-16-fcc-2009
Analista Judiciário - Tecnologia da Informação,2009,TRT 7ª,FCC,Superior,https://www.pciconcursos.com.br/provas/download/analista-judiciario-tecnologia-da-informacao-trt-7-fcc-2009
Analista Judiciário - Tecnologia da Informação,2009,TRT 3ª,FCC,Superior,https://www.pciconcursos.com.br/provas/download/analista-judiciario-tecnologia-da-informacao-trt-3-fcc-2009
Analista Judiciário - Tecnologia da Informação,2008,TRT 2ª,FCC,Superior,https://www.pciconcursos.com.br/provas/download/analista-judiciario-tecnologia-da-informacao-trt-2-fcc-2008
Analista Judiciário - Tecnologia da Informação,2008,TRT 18ª,FCC,Superior,https://www.pciconcursos.com.br/provas/download/analista-judiciario-tecnologia-da-informacao-trt-18-fcc-2008
Analista Judiciário - Tecnologia da Informação - Administração em Redes de Computadores,2014,TJ/AP,FCC,Superior,https://www.pciconcursos.com.br/provas/download/analista-judiciario-tecnologia-da-informacao-administracao-em-redes-de-computadores-tj-ap-fcc-2014
Analista Judiciário - Tecnologia da Informação - Banco de Dados,2014,TJ/AP,FCC,Superior,https://www.pciconcursos.com.br/provas/download/analista-judiciario-tecnologia-da-informacao-banco-de-dados-tj-ap-fcc-2014
Analista Judiciário - Tecnologia da Informação - Desenvolvimento de Sistemas,2014,TJ/AP,FCC,Superior,https://www.pciconcursos.com.br/provas/download/analista-judiciario-tecnologia-da-informacao-desenvolvimento-de-sistemas-tj-ap-fcc-2014
Analista Judiciário - Tecnologia da Informação - Segurança da Informação,2014,TJ/AP,FCC,Superior,https://www.pciconcursos.com.br/provas/download/analista-judiciario-tecnologia-da-informacao-seguranca-da-informacao-tj-ap-fcc-2014
Analista Judiciário - Tecnologia da Informação - Telecomunicações,2014,TJ/AP,FCC,Superior,https://www.pciconcursos.com.br/provas/download/analista-judiciario-tecnologia-da-informacao-telecomunicacoes-tj-ap-fcc-2014
Analista Judiciário Área Administrativa,2012,TST,FCC,Superior,https://www.pciconcursos.com.br/provas/download/analista-judiciario-area-administrativa-tst-fcc-2012
Analista Judiciário Área Administrativa,2012,TRF 5ª,FCC,Superior,https://www.pciconcursos.com.br/provas/download/analista-judiciario-area-administrativa-trf-5-fcc-2012
Analista Judiciário Área Apoio Especializado - Análise de Sistemas,2012,TST,FCC,Superior,https://www.pciconcursos.com.br/provas/download/analista-judiciario-area-apoio-especializado-analise-de-sistemas-tst-fcc-2012
Analista Judiciário Área Apoio Especializado - Suporte em Tecnologia da Informação,2012,TST,FCC,Superior,https://www.pciconcursos.com.br/provas/download/analista-judiciario-area-apoio-especializado-suporte-em-tecnologia-da-informacao-tst-fcc-2012
Analista Legislativo,2013,Assembleia Legislativa/RN,FCC,Superior,https://www.pciconcursos.com.br/provas/download/analista-legislativo-assembleia-legislativa-rn-fcc-2013
Analista Legislativo,2013,Assembleia Legislativa/PB,FCC,Superior,https://www.pciconcursos.com.br/provas/download/analista-legislativo-assembleia-legislativa-pb-fcc-2013
Analista Legislativo - Analista de Sistemas,2013,Assembleia Legislativa/RN,FCC,Superior,https://www.pciconcursos.com.br/provas/download/analista-legislativo-analista-de-sistemas-assembleia-legislativa-rn-fcc-2013
Analista Legislativo - Arquitetura,2013,Assembleia Legislativa/RN,FCC,Superior,https://www.pciconcursos.com.br/provas/download/analista-legislativo-arquitetura-assembleia-legislativa-rn-fcc-2013
Analista Legislativo - Arquivista,2007,Câmara dos Deputados,FCC,Superior,https://www.pciconcursos.com.br/provas/download/analista-legislativo-arquivista-camara-dos-deputados-fcc-2007
Analista Legislativo - Arquivista,2007,Câmara dos Deputados,FCC,Superior,https://www.pciconcursos.com.br/provas/download/prova-analista-legislativo-arquivista-camara-dos-deputados-fcc-2007-30
Analista Legislativo - Bibliotecário,2007,Câmara dos Deputados,FCC,Superior,https://www.pciconcursos.com.br/provas/download/analista-legislativo-bibliotecario-camara-dos-deputados-fcc-2007
Analista Legislativo - Bibliotecário,2007,Câmara dos Deputados,FCC,Superior,https://www.pciconcursos.com.br/provas/download/prova-analista-legislativo-bibliotecario-camara-dos-deputados-fcc-2007-49
Analista Legislativo - Biblioteconomia,2014,ALEPE,FCC,Superior,https://www.pciconcursos.com.br/provas/download/analista-legislativo-biblioteconomia-alepe-fcc-2014
Analista Legislativo - Biblioteconomia,2013,Assembleia Legislativa/RN,FCC,Superior,https://www.pciconcursos.com.br/provas/download/analista-legislativo-biblioteconomia-assembleia-legislativa-rn-fcc-2013
Analista Legislativo - Cirurgião Dentista,2012,Assembleia Legislativa/SP,FCC,Superior,https://www.pciconcursos.com.br/provas/download/analista-legislativo-cirurgiao-dentista-assembleia-legislativa-sp-fcc-2012
Analista Legislativo - Clínica Médica,2007,Câmara dos Deputados,FCC,Superior,https://www.pciconcursos.com.br/provas/download/analista-legislativo-clinica-medica-camara-dos-deputados-fcc-2007
Analista Legislativo - Comunicação Social - AudioVisual,2007,Câmara dos Deputados,FCC,Superior,https://www.pciconcursos.com.br/provas/download/analista-legislativo-comunicacao-social-audiovisual-camara-dos-deputados-fcc-2007
Analista Legislativo - Comunicação Social - Divulgação Institucional,2007,Câmara dos Deputados,FCC,Superior,https://www.pciconcursos.com.br/provas/download/analista-legislativo-comunicacao-social-divulgacao-institucional-camara-dos-deputados-fcc-2007
Analista Legislativo - Comunicação Social - Imprensa Escrita,2007,Câmara dos Deputados,FCC,Superior,https://www.pciconcursos.com.br/provas/download/analista-legislativo-comunicacao-social-imprensa-escrita-camara-dos-deputados-fcc-2007
Analista Legislativo - Comunicação Social - Mídia Impressa,2014,ALEPE,FCC,Superior,https://www.pciconcursos.com.br/provas/download/analista-legislativo-comunicacao-social-midia-impressa-alepe-fcc-2014
Analista Legislativo - Comunicação Social - Mídias Digitais,2014,ALEPE,FCC,Superior,https://www.pciconcursos.com.br/provas/download/analista-legislativo-comunicacao-social-midias-digitais-alepe-fcc-2014
Analista Legislativo - Comunicação Social - Rádio,2014,ALEPE,FCC,Superior,https://www.pciconcursos.com.br/provas/download/analista-legislativo-comunicacao-social-radio-alepe-fcc-2014
Analista Legislativo - Comunicação Social - Rádio,2007,Câmara dos Deputados,FCC,Superior,https://www.pciconcursos.com.br/provas/download/analista-legislativo-comunicacao-social-radio-camara-dos-deputados-fcc-2007
Analista Legislativo - Comunicação Social - Relações Públicas,2007,Câmara dos Deputados,FCC,Superior,https://www.pciconcursos.com.br/provas/download/analista-legislativo-comunicacao-social-relacoes-publicas-camara-dos-deputados-fcc-2007
Analista Legislativo - Comunicação Social - Televisão,2007,Câmara dos Deputados,FCC,Superior,https://www.pciconcursos.com.br/provas/download/analista-legislativo-comunicacao-social-televisao-camara-dos-deputados-fcc-2007
Analista Legislativo - Comunicação Social - TV,2014,ALEPE,FCC,Superior,https://www.pciconcursos.com.br/provas/download/analista-legislativo-comunicacao-social-tv-alepe-fcc-2014
Analista Legislativo - Consultoria Legislativa - Administração e Políticas Públicas,2014,ALEPE,FCC,Superior,https://www.pciconcursos.com.br/provas/download/analista-legislativo-consultoria-legislativa-administracao-e-politicas-publicas-alepe-fcc-2014
Analista Legislativo - Consultoria Legislativa - Agricultura e Meio Ambiente,2014,ALEPE,FCC,Superior,https://www.pciconcursos.com.br/provas/download/analista-legislativo-consultoria-legislativa-agricultura-e-meio-ambiente-alepe-fcc-2014
"Analista Legislativo - Consultoria Legislativa - Direito Constitucional, Administrativo e Eleitoral",2014,ALEPE,FCC,Superior,https://www.pciconcursos.com.br/provas/download/analista-legislativo-consultoria-legislativa-direito-constitucional-administrativo-e-eleitoral-alepe-fcc-2014
"Analista Legislativo - Consultoria Legislativa - Direito Tributário, Financeiro e Cidadania",2014,ALEPE,FCC,Superior,https://www.pciconcursos.com.br/provas/download/analista-legislativo-consultoria-legislativa-direito-tributario-financeiro-e-cidadania-alepe-fcc-2014
"Analista Legislativo - Consultoria Legislativa - Educação, Cultura e Desporto",2014,ALEPE,FCC,Superior,https://www.pciconcursos.com.br/provas/download/analista-legislativo-consultoria-legislativa-educacao-cultura-e-desporto-alepe-fcc-2014
Analista Legislativo - Consultoria Legislativa - Orçamento Público e Desenvolvimento Econômico,2014,ALEPE,FCC,Superior,https://www.pciconcursos.com.br/provas/download/analista-legislativo-consultoria-legislativa-orcamento-publico-e-desenvolvimento-economico-alepe-fcc-2014
Analista Legislativo - Consultoria Legislativa - Redação e Pronunciamento,2014,ALEPE,FCC,Superior,https://www.pciconcursos.com.br/provas/download/analista-legislativo-consultoria-legislativa-redacao-e-pronunciamento-alepe-fcc-2014
Analista Legislativo - Contabilidade,2014,ALEPE,FCC,Superior,https://www.pciconcursos.com.br/provas/download/analista-legislativo-contabilidade-alepe-fcc-2014
Analista Legislativo - Contador,2007,Câmara dos Deputados,FCC,Superior,https://www.pciconcursos.com.br/provas/download/analista-legislativo-contador-camara-dos-deputados-fcc-2007
Analista Legislativo - Enfermagem,2013,Assembleia Legislativa/RN,FCC,Superior,https://www.pciconcursos.com.br/provas/download/analista-legislativo-enfermagem-assembleia-legislativa-rn-fcc-2013
Analista Legislativo - Enfermagem de Emergência,2007,Câmara dos Deputados,FCC,Superior,https://www.pciconcursos.com.br/provas/download/analista-legislativo-enfermagem-de-emergencia-camara-dos-deputados-fcc-2007
Analista Legislativo - Enfermagem do Trabalho,2007,Câmara dos Deputados,FCC,Superior,https://www.pciconcursos.com.br/provas/download/analista-legislativo-enfermagem-do-trabalho-camara-dos-deputados-fcc-2007
Analista Legislativo - Enfermagem Geral,2007,Câmara dos Deputados,FCC,Superior,https://www.pciconcursos.com.br/provas/download/analista-legislativo-enfermagem-geral-camara-dos-deputados-fcc-2007
Analista Legislativo - Engenharia,2014,ALEPE,FCC,Superior,https://www.pciconcursos.com.br/provas/download/analista-legislativo-engenharia-alepe-fcc-2014
Analista Legislativo - Engenharia Civil,2013,Assembleia Legislativa/RN,FCC,Superior,https://www.pciconcursos.com.br/provas/download/analista-legislativo-engenharia-civil-assembleia-legislativa-rn-fcc-2013
Analista Legislativo - Informática - Infraestrutura,2014,ALEPE,FCC,Superior,https://www.pciconcursos.com.br/provas/download/analista-legislativo-informatica-infraestrutura-alepe-fcc-2014
Analista Legislativo - Informática - Sistemas,2014,ALEPE,FCC,Superior,https://www.pciconcursos.com.br/provas/download/analista-legislativo-informatica-sistemas-alepe-fcc-2014
Analista Legislativo - Informática Legislativa,2007,Câmara dos Deputados,FCC,Superior,https://www.pciconcursos.com.br/provas/download/analista-legislativo-informatica-legislativa-camara-dos-deputados-fcc-2007
Analista Legislativo - Jornalismo,2013,Assembleia Legislativa/RN,FCC,Superior,https://www.pciconcursos.com.br/provas/download/analista-legislativo-jornalismo-assembleia-legislativa-rn-fcc-2013
Analista Legislativo - Medicina Clínica Geral,2013,Assembleia Legislativa/RN,FCC,Superior,https://www.pciconcursos.com.br/provas/download/analista-legislativo-medicina-clinica-geral-assembleia-legislativa-rn-fcc-2013
Analista Legislativo - Medicina de Emergência,2007,Câmara dos Deputados,FCC,Superior,https://www.pciconcursos.com.br/provas/download/analista-legislativo-medicina-de-emergencia-camara-dos-deputados-fcc-2007
Analista Legislativo - Medicina do Trabalho,2007,Câmara dos Deputados,FCC,Superior,https://www.pciconcursos.com.br/provas/download/analista-legislativo-medicina-do-trabalho-camara-dos-deputados-fcc-2007
Analista Legislativo - Nutricionista,2007,Câmara dos Deputados,FCC,Superior,https://www.pciconcursos.com.br/provas/download/analista-legislativo-nutricionista-camara-dos-deputados-fcc-2007
Analista Legislativo - Odontólogo,2007,Câmara dos Deputados,FCC,Superior,https://www.pciconcursos.com.br/provas/download/analista-legislativo-odontologo-camara-dos-deputados-fcc-2007
Analista Legislativo - Psicologia,2013,Assembleia Legislativa/RN,FCC,Superior,https://www.pciconcursos.com.br/provas/download/analista-legislativo-psicologia-assembleia-legislativa-rn-fcc-2013
Analista Legislativo - Psiquiatria,2007,Câmara dos Deputados,FCC,Superior,https://www.pciconcursos.com.br/provas/download/analista-legislativo-psiquiatria-camara-dos-deputados-fcc-2007
Analista Legislativo - Recursos Humanos,2007,Câmara dos Deputados,FCC,Superior,https://www.pciconcursos.com.br/provas/download/analista-legislativo-recursos-humanos-camara-dos-deputados-fcc-2007
Analista Legislativo - Taquígrafo,2012,Assembleia Legislativa/SP,FCC,Superior,https://www.pciconcursos.com.br/provas/download/analista-legislativo-taquigrafo-assembleia-legislativa-sp-fcc-2012
Analista Legislativo - Taquígrafo Legislativo,2007,Câmara dos Deputados,FCC,Superior,https://www.pciconcursos.com.br/provas/download/analista-legislativo-taquigrafo-legislativo-camara-dos-deputados-fcc-2007
Analista Legislativo - Técnico em Material e Patrimônio,2007,Câmara dos Deputados,FCC,Superior,https://www.pciconcursos.com.br/provas/download/analista-legislativo-tecnico-em-material-e-patrimonio-camara-dos-deputados-fcc-2007
Analista Ministerial - Administrativo,2013,MPE/MA,FCC,Superior,https://www.pciconcursos.com.br/provas/download/analista-ministerial-administrativo-mpe-ma-fcc-2013
Analista Ministerial - Tecnologia da Informação,2012,MPE/AP,FCC,Superior,https://www.pciconcursos.com.br/provas/download/analista-ministerial-tecnologia-da-informacao-mpe-ap-fcc-2012
Analista Previdenciário - Tecnologia da Informação,2015,MANAUSPREV,FCC,Superior,https://www.pciconcursos.com.br/provas/download/analista-previdenciario-tecnologia-da-informacao-manausprev-fcc-2015
Analista Técnico de Controle Externo - Tecnologia da Informação,2012,TCE/AM,FCC,Superior,https://www.pciconcursos.com.br/provas/download/analista-tecnico-de-controle-externo-tecnologia-da-informacao-tce-am-fcc-2012
Analista Técnico de Controle Externo - Tecnologia da Informação,2008,TCE/AM,FCC,Superior,https://www.pciconcursos.com.br/provas/download/analista-tecnico-de-controle-externo-tecnologia-da-informacao-tce-am-fcc-2008
Analista Técnico Educacional - Tecnologia da Informação,2014,CETAM,FCC,Superior,https://www.pciconcursos.com.br/provas/download/analista-tecnico-educacional-tecnologia-da-informacao-cetam-fcc-2014
Analista Tecnologia da Informação,2016,Copergás,FCC,Superior,https://www.pciconcursos.com.br/provas/download/analista-tecnologia-da-informacao-copergas-fcc-2016-88
Analista Tecnologia da Informação,2016,COPERGÁS,FCC,Superior,https://www.pciconcursos.com.br/provas/download/analista-tecnologia-da-informacao-copergas-fcc-2016
Analista Trainee - Análise de Sistemas,2008,METRÔ/SP,FCC,Superior,https://www.pciconcursos.com.br/provas/download/analista-trainee-analise-de-sistemas-metro-sp-fcc-2008
Analista Trainee - Análise de Sistemas,2008,METRÔ/SP,FCC,Superior,https://www.pciconcursos.com.br/provas/download/prova-analista-trainee-analise-de-sistemas-metro-sp-fcc-2008-52
Assistente de Gestão de Políticas Públicas Nível I - Gestão Administrativa,2008,Pref. São Paulo/SP,FCC,Superior,https://www.pciconcursos.com.br/provas/download/assistente-de-gestao-de-politicas-publicas-nivel-i-gestao-administrativa-prefeitura-sao-paulo-sp-fcc-2008
Assistente de Gestão de Políticas Públicas Nível I - Gestão Administrativa - IPREM,2008,Pref. São Paulo/SP,FCC,Superior,https://www.pciconcursos.com.br/provas/download/assistente-de-gestao-de-politicas-publicas-nivel-i-gestao-administrativa-iprem-prefeitura-sao-paulo-sp-fcc-2008
Assistente Técnico Administrativo - Técnico Contábil,2016,Pref. Teresina/PI,FCC,Superior,https://www.pciconcursos.com.br/provas/download/assistente-tecnico-administrativo-tecnico-contabil-prefeitura-teresina-pi-fcc-2016
Assistente Técnico Administrativo - Técnico do Tesouro Municipal,2016,Pref. Teresina/PI,FCC,Superior,https://www.pciconcursos.com.br/provas/download/assistente-tecnico-administrativo-tecnico-do-tesouro-municipal-prefeitura-teresina-pi-fcc-2016
Assistente Técnico Administrativo - Técnico em Informática,2016,Pref. Teresina/PI,FCC,Superior,https://www.pciconcursos.com.br/provas/download/assistente-tecnico-administrativo-tecnico-em-informatica-prefeitura-teresina-pi-fcc-2016
Atividade Notarial e de Registro,2007,CGJ/ES,FCC,Superior,https://www.pciconcursos.com.br/provas/download/atividade-notarial-e-de-registro-cgj-es-fcc-2007
Auditor de Controle Interno - Tecnologia da Informação,2015,Pref. São Luís/MA,FCC,Superior,https://www.pciconcursos.com.br/provas/download/auditor-de-controle-interno-tecnologia-da-informacao-prefeitura-sao-luis-ma-fcc-2015
Auditor Fiscal de Tributos I - Área Abrangência Tecnologia da Informação TI,2018,Pref. São Luís/MA,FCC,Superior,https://www.pciconcursos.com.br/provas/download/auditor-fiscal-de-tributos-i-area-abrangencia-tecnologia-da-informacao-ti-prefeitura-sao-luis-ma-fcc-2018
Consultor Legislativo,2013,Assembleia Legislativa/PB,FCC,Superior,https://www.pciconcursos.com.br/provas/download/consultor-legislativo-assembleia-legislativa-pb-fcc-2013
Consultor Técnico Legislativo - Biblioteconomia,2014,Câmara de São Paulo/SP,FCC,Superior,https://www.pciconcursos.com.br/provas/download/consultor-tecnico-legislativo-biblioteconomia-camara-de-sao-paulo-sp-fcc-2014
Consultor Técnico Legislativo - Informática,2014,Câmara de São Paulo/SP,FCC,Superior,https://www.pciconcursos.com.br/provas/download/consultor-tecnico-legislativo-informatica-camara-de-sao-paulo-sp-fcc-2014
Consultor Técnico Legislativo - Odontologia,2014,Câmara de São Paulo/SP,FCC,Superior,https://www.pciconcursos.com.br/provas/download/consultor-tecnico-legislativo-odontologia-camara-de-sao-paulo-sp-fcc-2014
Consultor Técnico Legislativo - Registro e Revisão,2014,Câmara de São Paulo/SP,FCC,Superior,https://www.pciconcursos.com.br/provas/download/consultor-tecnico-legislativo-registro-e-revisao-camara-de-sao-paulo-sp-fcc-2014
Estagiário - Análise de Sistemas,2014,SABESP,FCC,Superior,https://www.pciconcursos.com.br/provas/download/estagiario-analise-de-sistemas-sabesp-fcc-2014
Estagiário de Análise de Sistemas,2015,SABESP,FCC,Superior,https://www.pciconcursos.com.br/provas/download/estagiario-de-analise-de-sistemas-sabesp-fcc-2015
Julgador Administrativo Tributário do Tesouro Estadual,2015,SEFAZ/PE,FCC,Superior,https://www.pciconcursos.com.br/provas/download/julgador-administrativo-tributario-do-tesouro-estadual-sefaz-pe-fcc-2015
Oficial de Justiça - Judiciário e Administrativo,2012,TJ/PE,FCC,Superior,https://www.pciconcursos.com.br/provas/download/oficial-de-justica-judiciario-e-administrativo-tj-pe-fcc-2012
Procurador Legislativo,2014,Câmara de São Paulo/SP,FCC,Superior,https://www.pciconcursos.com.br/provas/download/procurador-legislativo-camara-de-sao-paulo-sp-fcc-2014
Técnico da Receita Estadual - Tecnologia da Informação,2016,SEFAZ - SEGEP/MA,FCC,Superior,https://www.pciconcursos.com.br/provas/download/tecnico-da-receita-estadual-tecnologia-da-informacao-sefaz-segep-ma-fcc-2016
Técnico de Nível Superior - Analista Administrativo,2016,Pref. Teresina/PI,FCC,Superior,https://www.pciconcursos.com.br/provas/download/tecnico-de-nivel-superior-analista-administrativo-prefeitura-teresina-pi-fcc-2016